กระดาษปอนด์,28x40,60,500,31,1
กระดาษปอนด์,28x40,70,500,30,1
กระดาษปอนด์,28x40,80,500,30,1
กระดาษปอนด์,28x40,100,500,30,1
กระดาษปอนด์,28x40,120,500,30,1
กระดาษปอนด์,31x43,60,500,31,1
กระดาษปอนด์,31x43,70,500,30,1
กระดาษปอนด์,31x43,80,500,30,1
กระดาษปอนด์,31x43,100,500,30,1
กระดาษปอนด์,31x43,120,500,30,1
กระดาษปอนด์,24x35,60,500,31,1
กระดาษปอนด์,24x35,70,500,30,1
กระดาษปอนด์,24x35,80,500,30,1
กระดาษปอนด์,24x35,100,500,30,1
กระดาษปอนด์,24x35,120,500,30,1
กระดาษปอนด์ TPI,28x40,60,500,33,1
กระดาษปอนด์ TPI,28x40,70,500,32.5,1
กระดาษปอนด์ TPI,28x40,80,500,32.5,1
กระดาษปอนด์ TPI,28x40,100,500,32.5,1
กระดาษปอนด์ TPI,28x40,120,500,32.5,1
กระดาษปอนด์ TPI,31x43,60,500,33,1
กระดาษปอนด์ TPI,31x43,70,500,32.5,1
กระดาษปอนด์ TPI,31x43,80,500,32.5,1
กระดาษปอนด์ TPI,31x43,100,500,32.5,1
กระดาษปอนด์ TPI,31x43,120,500,32.5,1
กระดาษปอนด์ TPI,24x35,60,500,33,1
กระดาษปอนด์ TPI,24x35,70,500,32.5,1
กระดาษปอนด์ TPI,24x35,80,500,32.5,1
กระดาษปอนด์ TPI,24x35,100,500,32.5,1
กระดาษปอนด์ TPI,24x35,120,500,32.5,1
กระดาษปอนด์ AA,28x40,60,500,33,1
กระดาษปอนด์ AA,28x40,70,500,32.5,1
กระดาษปอนด์ AA,28x40,80,500,32.5,1
กระดาษปอนด์ AA,28x40,100,500,32.5,1
กระดาษปอนด์ AA,28x40,120,500,32.5,1
กระดาษปอนด์ AA,31x43,60,500,33,1
กระดาษปอนด์ AA,31x43,70,500,32.5,1
กระดาษปอนด์ AA,31x43,80,500,32.5,1
กระดาษปอนด์ AA,31x43,100,500,32.5,1
กระดาษปอนด์ AA,31x43,120,500,32.5,1
กระดาษปอนด์ AA,24x35,60,500,33,1
กระดาษปอนด์ AA,24x35,70,500,32.5,1
กระดาษปอนด์ AA,24x35,80,500,32.5,1
กระดาษปอนด์ AA,24x35,100,500,32.5,1
กระดาษปอนด์ AA,24x35,120,500,32.5,1
กระดาษกรีนออฟเซ็ท,24x35,80,500,55,1
กระดาษกรีนออฟเซ็ท,24x35,100,500,55,1
กระดาษกรีนออฟเซ็ท,24x35,120,500,55,1
กระดาษกรีนออฟเซ็ท,31x43,80,500,55,1
กระดาษกรีนออฟเซ็ท,31x44,100,500,55,1
กระดาษกรีนออฟเซ็ท,31x45,120,500,55,1
กระดาษ EPO,28x40,62.9,500,38,1
กระดาษ EPO,28x40,66.6,500,39,1
กระดาษ EPO,28x40,74,500,39.5,1
กระดาษ EPO,28x40,81.4,500,39.5,1
กระดาษ EPO,24x35,62.9,500,38,1
กระดาษ EPO,24x35,66.6,500,39,1
กระดาษ EPO,24x35,74,500,39.5,1
กระดาษ EPO,24x35,81.4,500,39.5,1
กระดาษ EPO,31x43,62.9,500,38,1
กระดาษ EPO,31x43,66.6,500,39,1
กระดาษ EPO,31x43,74,500,39.5,1
กระดาษ EPO,31x43,81.4,500,39.5,1
Bright care Book paper,24x35,66.6,500,37,1
Bright care Book paper,24x35,74.2,500,37,1
Bright care Book paper,31x43,66.6,500,37,1
Bright care Book paper,31x43,74.2,500,37,1
ABwhite,31x43,59.2,500,37,1
กระดาษ EO,24x35,74,500,37,1
กระดาษ EO,31x43,74,500,37,1
กระดาษ classic,24x35,65,500,39,1
กระดาษ classic,31x43,65,500,39,1
กระดาษ classic,28x40,65,500,39,1
อาร์ตมัน,28x40,80,500,32,1
อาร์ตมัน,28x40,85,500,32,1
อาร์ตมัน,28x40,90,500,32,1
อาร์ตมัน,24x35,80,500,32,1
อาร์ตมัน,24x35,85,500,32,1
อาร์ตมัน,24x35,90,500,32,1
อาร์ตมัน,25x36,80,500,32,1
อาร์ตมัน,25x36,85,500,32,1
อาร์ตมัน,25x36,90,500,32,1
อาร์ตด้าน,28x40,80,500,32,1
อาร์ตด้าน,28x40,85,500,32,1
อาร์ตด้าน,28x40,90,500,32,1
อาร์ตด้าน,24x35,80,500,32,1
อาร์ตด้าน,24x35,85,500,32,1
อาร์ตด้าน,24x35,90,500,32,1
อาร์ตด้าน,25x36,80,500,32,1
อาร์ตด้าน,25x36,85,500,32,1
อาร์ตด้าน,25x36,90,500,32,1
อาร์ตมัน,24x35,100,500,30,1
อาร์ตมัน,24x35,105,500,30,1
อาร์ตมัน,24x35,115,500,30,1
อาร์ตมัน,24x35,120,500,30,1
อาร์ตมัน,24x35,128,500,30,1
อาร์ตมัน,24x35,130,500,30,1
อาร์ตมัน,24x35,157,250,30,1
อาร์ตมัน,24x35,160,250,30,1
อาร์ตมัน,25x36,100,500,30,1
อาร์ตมัน,25x36,105,500,30,1
อาร์ตมัน,25x36,115,500,30,1
อาร์ตมัน,25x36,120,500,30,1
อาร์ตมัน,25x36,128,500,30,1
อาร์ตมัน,25x36,130,500,30,1
อาร์ตมัน,25x36,157,250,30,1
อาร์ตมัน,25x36,160,250,30,1
อาร์ตมัน,28x40,100,500,30,1
อาร์ตมัน,28x40,105,500,30,1
อาร์ตมัน,28x40,115,500,30,1
อาร์ตมัน,28x40,120,500,30,1
อาร์ตมัน,28x40,128,500,30,1
อาร์ตมัน,28x40,130,500,30,1
อาร์ตมัน,28x40,157,250,30,1
อาร์ตมัน,28x40,160,250,30,1
อาร์ตมัน,31x43,100,500,30,1
อาร์ตมัน,31x43,105,500,30,1
อาร์ตมัน,31x43,115,500,30,1
อาร์ตมัน,31x43,120,500,30,1
อาร์ตมัน,31x43,128,500,30,1
อาร์ตมัน,31x43,130,500,30,1
อาร์ตมัน,31x43,157,250,30,1
อาร์ตมัน,31x43,160,250,30,1
อาร์ตด้าน,24x35,100,500,30,1
อาร์ตด้าน,24x35,105,500,30,1
อาร์ตด้าน,24x35,115,500,30,1
อาร์ตด้าน,24x35,120,500,30,1
อาร์ตด้าน,24x35,128,500,30,1
อาร์ตด้าน,24x35,130,500,30,1
อาร์ตด้าน,24x35,157,250,30,1
อาร์ตด้าน,24x35,160,250,30,1
อาร์ตด้าน,25x36,100,500,30,1
อาร์ตด้าน,25x36,105,500,30,1
อาร์ตด้าน,25x36,115,500,30,1
อาร์ตด้าน,25x36,120,500,30,1
อาร์ตด้าน,25x36,128,500,30,1
อาร์ตด้าน,25x36,130,500,30,1
อาร์ตด้าน,25x36,157,250,30,1
อาร์ตด้าน,25x36,160,250,30,1
อาร์ตด้าน,28x40,100,500,30,1
อาร์ตด้าน,28x40,105,500,30,1
อาร์ตด้าน,28x40,115,500,30,1
อาร์ตด้าน,28x40,120,500,30,1
อาร์ตด้าน,28x40,128,500,30,1
อาร์ตด้าน,28x40,130,500,30,1
อาร์ตด้าน,28x40,157,250,30,1
อาร์ตด้าน,28x40,160,250,30,1
อาร์ตด้าน,31x43,100,500,30,1
อาร์ตด้าน,31x43,105,500,30,1
อาร์ตด้าน,31x43,115,500,30,1
อาร์ตด้าน,31x43,120,500,30,1
อาร์ตด้าน,31x43,128,500,30,1
อาร์ตด้าน,31x43,130,500,30,1
อาร์ตด้าน,31x43,157,250,30,1
อาร์ตด้าน,31x43,160,250,30,1
กระดาษ กรีนรีด,24x35,75,500,38,1
กระดาษ กรีนรีด,31x43,75,500,38,1
ถนอมสายตา Premium care,24x35,75,500,36,1
ถนอมสายตา Premium care,31x43,75,500,36,1
อาร์ตการ์ด,25x36,190,125,32.5,1
อาร์ตการ์ด,25x36,210,125,32.5,1
อาร์ตการ์ด,25x36,230,125,32.5,1
อาร์ตการ์ด,25x36,250,125,32.5,1
อาร์ตการ์ด,25x36,260,100,32.5,1
อาร์ตการ์ด,25x36,300,100,34,1
อาร์ตการ์ด,25x36,310,100,38,1
อาร์ตการ์ด,25x36,350,100,38,1
อาร์ตการ์ด,25x36,400,100,38,1
อาร์ตการ์ด,31x43,190,125,32.5,1
อาร์ตการ์ด,31x43,210,125,32.5,1
อาร์ตการ์ด,31x43,230,125,32.5,1
อาร์ตการ์ด,31x43,250,125,32.5,1
อาร์ตการ์ด,31x43,260,100,32.5,1
อาร์ตการ์ด,31x43,300,100,34,1
อาร์ตการ์ด,31x43,310,100,38,1
อาร์ตการ์ด,31x43,350,100,38,1
อาร์ตการ์ด,31x43,400,100,38,1
อาร์ตการ์ดหน้าเดียว,25x36,210,125,35,1
อาร์ตการ์ดหน้าเดียว,25x36,230,125,35,1
อาร์ตการ์ดหน้าเดียว,25x36,250,100,35,1
อาร์ตการ์ดหน้าเดียว,25x36,270,100,35,1
อาร์ตการ์ดหน้าเดียว,25x36,300,100,37,1
อาร์ตการ์ดหน้าเดียว,25x36,350,100,38,1
อาร์ตการ์ดหน้าเดียว,31x43,210,125,35,1
อาร์ตการ์ดหน้าเดียว,31x43,230,125,35,1
อาร์ตการ์ดหน้าเดียว,31x43,250,100,35,1
อาร์ตการ์ดหน้าเดียว,31x43,270,100,35,1
อาร์ตการ์ดหน้าเดียว,31x43,300,100,37,1
อาร์ตการ์ดหน้าเดียว,31x43,350,100,38,1
การ์ดขาว TPI,25x35.5,120,500,42,1
การ์ดขาว TPI,25x35.5,150,500,42,1
การ์ดขาว TPI,25x35.5,180,125,42,1
การ์ดขาว TPI,25x35.5,210,125,42,1
การ์ดขาว TPI,25x35.5,240,125,42,1
การ์ดขาว TPI,25x35.5,250,125,42,1
การ์ดขาว TPI,25x35.5,270,125,42,1
การ์ดขาว TPI,25x35.5,300,125,42,1
การ์ดขาว TPI,31x43,120,500,42,1
การ์ดขาว TPI,31x43,150,500,42,1
การ์ดขาว TPI,31x43,180,125,42,1
การ์ดขาว TPI,31x43,210,125,42,1
การ์ดขาว TPI,31x43,240,125,42,1
การ์ดขาว TPI,31x43,250,125,42,1
การ์ดขาว TPI,31x43,270,125,42,1
การ์ดขาว TPI,31x43,300,125,42,1
การ์ดขาว IK,25x35.5,120,500,38,1
การ์ดขาว IK,25x35.5,150,500,38,1
การ์ดขาว IK,25x35.5,180,125,38,1
การ์ดขาว IK,25x35.5,210,125,38,1
การ์ดขาว IK,25x35.5,240,125,38,1
การ์ดขาว IK,25x35.5,250,125,38,1
การ์ดขาว IK,25x35.5,270,125,38,1
การ์ดขาว IK,25x35.5,300,125,38,1
การ์ดขาว IK,31x43,120,500,38,1
การ์ดขาว IK,31x43,150,500,38,1
การ์ดขาว IK,31x43,180,125,38,1
การ์ดขาว IK,31x43,210,125,38,1
การ์ดขาว IK,31x43,240,125,38,1
การ์ดขาว IK,31x43,250,125,38,1
การ์ดขาว IK,31x43,270,125,38,1
การ์ดขาว IK,31x43,300,125,38,1
Green card,25x36,200,125,64,1
Green card,25x36,210,125,64,1
Green card,25x36,250,125,64,1
Green card,25x36,270,125,64,1
Green card,25x36,300,125,64,1
Green card,31x43,200,125,64,1
Green card,31x43,210,125,64,1
Green card,31x43,250,125,64,1
Green card,31x43,270,125,64,1
Green card,31x43,300,125,64,1
Green Matt Card,24x35,115,500,60,1
Green Matt Card,24x35,125,500,60,1
Green Matt Card,31x43,115,500,60,1
Green Matt Card,31x43,125,500,60,1
Green Matt Card,25x36,200,125,64,1
Green Matt Card,25x36,210,125,64,1
Green Matt Card,25x36,250,125,64,1
Green Matt Card,25x36,300,125,64,1
Green Matt Card,31x43,200,125,64,1
Green Matt Card,31x43,210,125,64,1
Green Matt Card,31x43,250,125,64,1
Green Matt Card,31x43,300,125,64,1